id;name;price
O-001;Ноутбук ASUS VivoBook 15;24999.99
O-002;Миша бездротова Logitech M185;349.50
O-003;Клавіатура механічна HyperX;1899.00
O-004;Навушники JBL Tune 510BT;1299.99
O-005;Монітор Dell 24" FHD;6499.00
O-006;Зарядний пристрій USB-C 65W;599.00
O-007;Кабель HDMI 2м;149.90
O-008;Веб-камера Logitech C920;1799.00
O-009;SSD накопичувач Kingston 512GB;1099.00
O-010;Флешка SanDisk 64GB;249.00
O-011;Рюкзак для ноутбука;899
O-012;;450.00
O-013;Гарнітура ігрова;багато
O-014;Powerbank Xiaomi 20000mAh
